comment_id	create_time	ip_location	note_id	content	user_id	nickname	avatar	sub_comment_count	pictures	parent_comment_id	last_modify_ts	like_count
69f1f683000000002701cd75	1.77746E+12	吉林	69f1d679000000001f0024f2	其实AI一直记住了我们的信息，之前让它帮忙写过作业，前几天我发现它记得我的学号，姓名，成绩，还有学校[石化R][石化R]	6677caa900000000070064ca	momo	https://sns-avatar-qc.xhscdn.com/avatar/1040g2jo31ftv4losge505pjnpakhop6agaeo1qo?imageView2/2/w/120/format/jpg	238		0	1.77942E+12	9690
69f1eeba0000000029024727	1.77746E+12	浙江	69f1d679000000001f0024f2	wk，，我早就用AI算过，给了生辰八字。。	6576ee9b000000003d02b2ad	霖Y	https://sns-avatar-qc.xhscdn.com/avatar/1040g2jo31mmj53fvl86g5pbmtqdvdcldpepf8r0?imageView2/2/w/120/format/jpg	33		0	1.77942E+12	1200
69f1dcf10000000029025a61	1.77746E+12	河北	69f1d679000000001f0024f2	好吓人......我刚拿Al问完我的八字就给我推这个？	68717bca000000000d03c36d	Glitchstar	https://sns-avatar-qc.xhscdn.com/avatar/1040g2jo320d71gqfls6g5q3hff53fgrd3o284lo?imageView2/2/w/120/format/jpg	57		0	1.77942E+12	2853
69f22e30000000002800bcc4	1.77748E+12	上海	69f1d679000000001f0024f2	ai算的真的准，他连我做什么擅长什么都知道	5f8a78550000000001005ccb	离	https://sns-avatar-qc.xhscdn.com/avatar/1040g2jo31rif9vva206g5nsaf1ag8n6bthb44ao?imageView2/2/w/120/format/jpg	44		0	1.77942E+12	334
69f1d868000000002b026a89	1.77746E+12	江苏	69f1d679000000001f0024f2	我的天又是循环	630ee9f1000000000f004207	我推桃源第一不接受反驳（谢bro）	https://sns-avatar-qc.xhscdn.com/avatar/1040g2jo31qko1p0unu005ooet7ojogg79mqmh30?imageView2/2/w/120/format/jpg	13		0	1.77942E+12	4797
69f3857d0000000029024128	1.77757E+12	辽宁	69f1d679000000001f0024f2	别搞，我可是把命盘给他看了	5e92e0fb0000000001000793	冰冰桶	https://sns-avatar-qc.xhscdn.com/avatar/1040g2jo31vv1fmju2i605nkis3tg81sjdntl45o?imageView2/2/w/120/format/jpg	7		0	1.77942E+12	68
69f4a461000000002a02dea3	1.77764E+12	辽宁	69f1d679000000001f0024f2	Oh shit[石化R]	64c1e8ba0000000014039072	你是前世未止的心跳	https://sns-avatar-qc.xhscdn.com/avatar/1040g2jo320bhcf7b5s005p61t2t5743i2bvmg4o?imageView2/2/w/120/format/jpg	44	http://sns-webpic-qc.xhscdn.com/202605221136/47a5486fc1f8b6e1aac7d5c63f2dd23d/comment/1040g2h031vkj9ugk2g005p61t2t5743ivpvd728!nd_whgt34_webp_wm_1	0	1.77942E+12	113
6a0a675b000000002b028786	1.77907E+12	江西	69f1d679000000001f0024f2	但是豆包真的挺准的	69b9f5070000000032034f7b	加点辣	https://sns-avatar-qc.xhscdn.com/avatar/1040g2jo320b8edb5620g5qdpuk3smjrr3hkhejo?imageView2/2/w/120/format/jpg	1		0	1.77942E+12	1
69f2d3e9000000002a02e501	1.77752E+12	北京	69f1d679000000001f0024f2	别怕孩子们，你们现在最重要的是看看ai给你们排盘排错没[笑哭R]	680b4933000000000d00a203	这家伙在说什么呢	https://sns-avatar-qc.xhscdn.com/avatar/1040g2jo31p8n6homio505q0b94pj98g3811mkr8?imageView2/2/w/120/format/jpg	6		0	1.77942E+12	188
69f2f6a4000000002702f4f6	1.77753E+12	浙江	69f1d679000000001f0024f2	豆包每次算完第二天就失忆了	5b57f7ef11be10771ddfdd9b	独孤萌神	https://sns-avatar-qc.xhscdn.com/avatar/1040g2jo31oginn6ul00g4a7fu1ruvncrq8nbnb8?imageView2/2/w/120/format/jpg	5		0	1.77942E+12	92
67ac2213000000001c009553	1.73933E+12	江西	67a7468a000000002503d48c	你是一个顶尖的八字大师，我出生于 年 月 ，性别 ，出生地 ，请你以一个专业四柱八字研究者的角色，对我的八字进行分析，不用过多考虑身强身弱，分析大运流年和食神关系，用盲派技法步骤深度分析，体用平衡，不用考虑我是否迷信，注意逻辑合理，综合各种信息文本判断准确的关系模型，交叉验证，多次迭代后输出最终的正确结果，顺带请算一下我详细的历史事件做一下验证	65be155d000000000e026f65	皮蛋solo粥.	https://sns-avatar-qc.xhscdn.com/avatar/1040g2jo31gph38cc346g5pdu2lejkrr5pmfp0e8?imageView2/2/w/120/format/jpg	28		0	1.77942E+12	494
67a748b8000000001601023f	1.73902E+12	江西	67a7468a000000002503d48c	不要乱算，这不相当于直接透露自己生辰八字	5df2049000000000010008bf	猎影师十七	https://sns-avatar-qc.xhscdn.com/avatar/62d77d26c630cdbdcffe69e3.jpg?imageView2/2/w/120/format/jpg	10		0	1.77942E+12	31
67a76041000000001802e57a	1.73902E+12	山东	67a7468a000000002503d48c	反正给我算的贼准。把我对象的姓氏跟名字里包含的字都算出来了，还有老家具体是哪个镇的[偷笑R][偷笑R]我个人表示相当满意。[害羞R]	5d3500780000000011002f42	万能的小正正	https://sns-avatar-qc.xhscdn.com/avatar/1040g2jo31o4p190jkq6g5n9l01s48bq2ufjlos0?imageView2/2/w/120/format/jpg	24		0	1.77942E+12	92
67c1c568000000001901617f	1.74075E+12	河北	67a7468a000000002503d48c	算命多了也不吉利，我朋友他经常算命也出过很多事	666fd78a0000000003033271	玫瑰与琦	https://sns-avatar-qc.xhscdn.com/avatar/1040g2jo31jv2n6umio705pjfqu50ucjhnhddk70?imageView2/2/w/120/format/jpg	1		0	1.77942E+12	12
67b226ed0000000016019196	1.73973E+12	云南	67a7468a000000002503d48c	啊 如果算命了有不好的迹象对以后会有影响吗[失望R]	5f80dbcc00000000010085d6	momo	https://sns-avatar-qc.xhscdn.com/avatar/1040g2jo3144mervk1k6g5ns0rf6091emjup011g?imageView2/2/w/120/format/jpg	4		0	1.77942E+12	15
67ac5acb000000001803c18e	1.73935E+12	陕西	67a7468a000000002503d48c	不是，我刚把这个模板拿去用了一下，就那个八字，我给他说的，我的出生时间是子时12点多，他给我转化时间算出来的是亥时11点多，什么情况	60d962e8000000000100a7d1	兮梦恋月	https://sns-avatar-qc.xhscdn.com/avatar/6417e7f9888bee6dcafc37bb.jpg?imageView2/2/w/120/format/jpg	3		0	1.77942E+12	5
67a8305d000000001901002d	1.73908E+12	四川	67a7468a000000002503d48c	吓死我了！太准了我天[捂脸R]把我所经历过的几个重要节点说的一字不漏[捂脸R]	632da79b00000000230253e7	碱水小结	https://sns-avatar-qc.xhscdn.com/avatar/1040g2jo31lesmm0i5i6g5opdkudoskv7qauc298?imageView2/2/w/120/format/jpg	10		0	1.77942E+12	60
67dd67740000000020014d31	1.74256E+12	上海	67a7468a000000002503d48c	太准了，他连我四岁卡过鱼刺都知道[石化R]	61b9feb10000000010005650	耗子没睡够	https://sns-avatar-qc.xhscdn.com/avatar/1040g2jo31ptlte9llm005odpvqok0lig1265620?imageView2/2/w/120/format/jpg	1		0	1.77942E+12	2
67af6af6000000001c00250d	1.73955E+12	北京	67a7468a000000002503d48c	我妈说她不记得我几点出生的咋办[汗颜R]	609b20c5000000000101ead4	雨雨雨雨雨小 Cici	https://sns-avatar-qc.xhscdn.com/avatar/1040g2jo3113u1p76mc005o4r432gbqmktb1f018?imageView2/2/w/120/format/jpg	9		0	1.77942E+12	18
68948cba000000002903c349	1.75457E+12	陕西	67a7468a000000002503d48c	笑死了，推出我奶切除子宫的时候我爸还没出生	5a71af1b4eacab77874b0ae7	灵离	https://sns-avatar-qc.xhscdn.com/avatar/1040g2jo31ump32ehj40g4a16k6nhm2n7pujkamo?imageView2/2/w/120/format/jpg	1	"http://sns-webpic-qc.xhscdn.com/202605221136/ecaa70d8de37bacb0c1e371bb2e1e387/comment/1040g2h031ksodigek86g4a16k6nhm2n7lnod580!nd_whgt34_webp_wm_1,http://sns-webpic-qc.xhscdn.com/202605221136/e3dc547dbe0bb311c383a23256daea92/comment/1040g2h031ksodigek85g4a16k6nhm2n7mimcs3g!nd_whgt34_webp_wm_1"	0	1.77942E+12	5
67a6156a0000000016037355	1.73894E+12	福建	67a1fb940000000029039370	我用的其他模版 中考算分无敌准啊准得我虎躯一震 就差0.5。高考还没考 但是就目前来看是符合我学习情况的[笑哭R]	5e4a9184000000000100b3d2	梨子月。	https://sns-avatar-qc.xhscdn.com/avatar/1040g2jo31s1kd08048005niai6209cuie2f4rb0?imageView2/2/w/120/format/jpg	96		0	1.77942E+12	1507
67a87fdb0000000019015457	1.7391E+12	广东	67a1fb940000000029039370	喔  算低了是吧  恭喜你啊	607ebf1a000000000100127f	讨厌米饭	https://sns-avatar-qc.xhscdn.com/avatar/1040g2jo318khioc6k46g5o3unsd084jv72f9ke0?imageView2/2/w/120/format/jpg	19	http://sns-webpic-qc.xhscdn.com/202605221136/5e2e105371c80277a973da7f20ba99dc/comment/1040g2h031dm7r9dfh0405o3unsd084jvj2a3da0!nd_whlt34_webp_wm_1	0	1.77942E+12	4811
6a0ed50c000000002901b26b	1.77936E+12	湖北	67a1fb940000000029039370	在 谷多多 可以根据每个人的八字不要米看每日的运势[萌萌哒R]	60e1a15b000000002002d7c3	卷卷-	https://sns-avatar-qc.xhscdn.com/avatar/1040g2jo31vbe5d6g2i005o71k5do5lu3qt38nb0?imageView2/2/w/120/format/jpg	0	http://sns-webpic-qc.xhscdn.com/202605221136/6ccee1bf35a69e456b6c4a229cfd1324/comment/1040g4b8320e5nn1dls905o71k5do5lu3su2ek6o!nd_whgt34_webp_wm_1	0	1.77942E+12	0
67be46fd0000000019016f13	1.74052E+12	辽宁	67a1fb940000000029039370	我的高考成绩和四级成绩他全算准了[暗中观察R][暗中观察R]	64ebfc050000000001004d50	devote	https://sns-avatar-qc.xhscdn.com/avatar/1040g2jo315rghh6a0u5g5p7bvg2g8jagblg7sag?imageView2/2/w/120/format/jpg	10		0	1.77942E+12	4
67ab32720000000019013836	1.73927E+12	四川	67a1fb940000000029039370	DeepSeek你最好是[哭惹R]今年高考	6002ab29000000000100334e	青山	https://sns-avatar-qc.xhscdn.com/avatar/1040g2jo31pnc23v1ku105o02lckg8cqel75l6go?imageView2/2/w/120/format/jpg	17	http://sns-webpic-qc.xhscdn.com/202605221136/8d79144fc8e9f0361bf6b6a646078ec1/comment/1040g2h031dos4sqn0mdg5o02lckg8cqe21hveeo!nd_whgt34_webp_wm_1	0	1.77942E+12	37
67aac4550000000016035f13	1.73924E+12	山东	67a1fb940000000029039370	个别科目估算偏差较大，但总分相差不大，估算的是647我当时实际考了653.7	61df5897000000001000cf5e	D.	https://sns-avatar-qc.xhscdn.com/avatar/1040g2jo316bfcg49he605oevb2bk1jquakoiskg?imageView2/2/w/120/format/jpg	13	http://sns-webpic-qc.xhscdn.com/202605221136/208ffb7f04ddd14bd32c49911cf16087/comment/1040g2h031doemoqfgs6g5oevb2bk1jqulupgfm0!nd_whgt34_webp_wm_1	0	1.77942E+12	86
67b1628c0000000016034aae	1.73968E+12	江苏	67a1fb940000000029039370	假的，25届高考生，测出来的分我能上985	60dc382c000000000100bdbb	momo	https://sns-avatar-qc.xhscdn.com/avatar/1040g2jo31ldmp9n65o6g5o6s70m09fdrn82t75g?imageView2/2/w/120/format/jpg	6		0	1.77942E+12	2
67abacef000000001c002ce0	1.7393E+12	湖北	67a1fb940000000029039370	他算的基本都是600分以上	65d049a5000000000503060c	猫猫不吃鱼	https://sns-avatar-qc.xhscdn.com/avatar/1040g2jo31sorug6b5e6g5peg96ihe1gcq18afhg?imageView2/2/w/120/format/jpg	4		0	1.77942E+12	31
67b49dfa000000001c000490	1.73989E+12	江苏	67a1fb940000000029039370	妈呀	6267e93000000000210235b2	zzzzz	https://sns-avatar-qc.xhscdn.com/avatar/1040g2jo31iujel3ngu6g5oj7t4o8cdditndf4lg?imageView2/2/w/120/format/jpg	2	http://sns-webpic-qc.xhscdn.com/202605221136/3e48b55df477179803b5fe0d5872f639/comment/1040g2h031e22gugkg8005oj7t4o8cddiovp0cfg!nd_whgt34_webp_wm_1	0	1.77942E+12	2
67d1b75000000000170315b7	1.7418E+12	内蒙古	67a1fb940000000029039370	等高考拭目以待了[偷笑R][偷笑R]	6484365d000000002a036054	323	https://sns-avatar-qc.xhscdn.com/avatar/1040g2jo30s7igs6b2g6g5p446peqmo2karuqv8g?imageView2/2/w/120/format/jpg	5	http://sns-webpic-qc.xhscdn.com/202605221136/cd33ff516dd018f397c717d43f0911fb/comment/1040g2h031eufqr3cmi605p446peqmo2k4cb4s48!nd_whlt34_webp_wm_1	0	1.77942E+12	2
67a0f090000000002101bfd0	1.7386E+12	湖北	67a09988000000002900c7d1	卧槽 他吓唬我 他让我晚上不要照镜子 说前世在我身后排队阿啊啊啊啊啊啊啊 我不敢上厕所了	5571baff33f60c095db97d09	MOMO	https://sns-avatar-qc.xhscdn.com/avatar/1040g2jo30q99f2uv7c0040o9eatfuv89n4i6k5o?imageView2/2/w/120/format/jpg	93		0	1.77942E+12	644
67a0f12900000000090224b3	1.7386E+12	浙江	67a09988000000002900c7d1	Vocal有点恐怖了	5489e905b4c4d638539b0bcf	天行第一深情	https://sns-avatar-qc.xhscdn.com/avatar/1040g2jo319rjcqcb7c00400s5ekga2ufq98u7v0?imageView2/2/w/120/format/jpg	128	"http://sns-webpic-qc.xhscdn.com/202605221136/28dd3f9a4d126a8ea4f360dcc83a305c/comment/1040g2h031derlsfvgs00400s5ekga2ufg33dtn0!nd_whgt34_webp_wm_1,http://sns-webpic-qc.xhscdn.com/202605221136/2c0fa59b89099bb9d118e4bd6128f965/comment/1040g2h031derlsfvgs0g400s5ekga2ufbpa10l0!nd_whgt34_webp_wm_1"	0	1.77942E+12	280
