"rank","bigram","count"
"1","算命","94"
"2","压力","77"
"3","话题","76"
"4","数据","45"
"5","情绪","40"
"6","用户","35"
"7","使用","35"
"8","心理","33"
"9","焦虑","32"
"10","玄学","30"
"11","一个","25"
"12","来源","25"
"13","青年","24"
"14","确定","21"
"15","占比","20"
"16","塔罗","20"
"17","八字","19"
"18","服务","19"
"19","据来","19"
"20","星座","19"
"21","自己","18"
"22","预测","18"
"23","命理","18"
"24","平台","17"
"25","缓解","17"
"26","赛博","17"
"27","占卜","17"
"28","你的","16"
"29","方式","16"
"30","用算","16"
"31","播放","15"
"32","放量","15"
"33","抖音","15"
"34","问卷","15"
"35","科目","14"
"36","结果","14"
"37","林晓","14"
"38","行为","14"
"39","调查","14"
"40","选择","14"
"41","分享","13"
"42","定性","13"
"43","面试","13"
"44","报告","13"
"45","命运","13"
"46","音话","13"
"47","题播","13"
"48","命的","13"
"49","信息","13"
"50","中国","13"
"51","价格","12"
"52","案例","12"
"53","未来","12"
"54","什么","12"
"55","量亿","12"
"56","博玄","12"
"57","的情","11"
"58","风险","11"
"59","亿科","11"
"60","个人","11"
"61","工作","11"
"62","类型","11"
"63","的用","11"
"64","存在","11"
"65","问题","11"
"66","月日","10"
"67","不是","10"
"68","付费","10"
"69","不确","10"
"70","运势","10"
"71","社交","10"
"72","豆包","10"
"73","我的","10"
"74","时间","10"
"75","最终","9"
"76","标签","9"
"77","年轻","9"
"78","来的","9"
"79","输出","9"
"80","这种","9"
"81","门槛","9"
"82","需要","9"
"83","其他","9"
"84","了一","9"
"85","不同","9"
"86","罗牌","9"
"87","神秘","9"
"88","题话","9"
"89","诱导","9"
"90","同一","9"
"91","关系","9"
"92","连麦","9"
"93","满意","9"
"94","提供","8"
"95","而是","8"
"96","价值","8"
"97","健康","8"
"98","签星","8"
"99","消费","8"
"100","通过","8"
"101","一种","8"
"102","成本","8"
"103","分钟","8"
"104","元分","8"
"105","的方","8"
"106","出生","8"
"107","格元","8"
"108","出的","8"
"109","一年","8"
"110","感到","8"
"111","务的","8"
"112","带来","8"
"113","功能","8"
"114","麦价","8"
"115","轻人","8"
"116","专业","8"
"117","显示","8"
"118","出了","8"
"119","一次","8"
"120","收到","8"
"121","年月","7"
"122","市场","7"
"123","高考","7"
"124","部分","7"
"125","超过","7"
"126","程度","7"
"127","提问","7"
"128","一下","7"
"129","群体","7"
"130","机会","7"
"131","己的","7"
"132","研究","7"
"133","的算","7"
"134","是一","7"
"135","提示","7"
"136","咨询","7"
"137","中的","7"
"138","没有","7"
"139","对话","7"
"140","紫色","7"
"141","的人","7"
"142","明显","7"
"143","免费","7"
"144","卷调","7"
"145","同时","7"
"146","求职","7"
"147","真实","7"
"148","职场","7"
"149","经历","7"
"150","失业","7"
"151","学的","7"
"152","算法","7"
"153","理服","7"
"154","发展","7"
"155","逃避","7"
"156","泄露","7"
"157","困难","6"
"158","进行","6"
"159","的不","6"
"160","的命","6"
"161","传统","6"
"162","明确","6"
"163","影响","6"
"164","阶段","6"
"165","学院","6"
"166","软件","6"
"167","座塔","6"
"168","年压","6"
"169","的心","6"
"170","女性","6"
"171","源问","6"
"172","给出","6"
"173","的青","6"
"174","姓名","6"
"175","可以","6"
"176","的八","6"
"177","真的","6"
"178","意的","6"
"179","水晶","6"
"180","这些","6"
"181","很多","6"
"182","体验","6"
"183","备孕","6"
"184","对现","6"
"185","工具","6"
"186","而非","6"
"187","的是","6"
"188","原因","6"
"189","拿到","6"
"190","经济","6"
"191","几乎","6"
"192","交平","6"
"193","啊啊","6"
"194","不要","6"
"195","正在","6"
"196","全球","6"
"197","源于","6"
"198","究报","6"
"199","视频","6"
"200","其实","6"
"201","数字","6"
"202","力源","6"
"203","现状","6"
"204","工智","5"
"205","示词","5"
"206","业心","5"
"207","模型","5"
"208","用过","5"
"209","亮起","5"
"210","公开","5"
"211","男性","5"
"212","的时","5"
"213","的使","5"
"214","日前","5"
"215","学习","5"
"216","度大","5"
"217","分析","5"
"218","给我","5"
"219","我们","5"
"220","描述","5"
"221","排名","5"
"222","上海","5"
"223","五行","5"
"224","打开","5"
"225","算的","5"
"226","内心","5"
"227","人生","5"
"228","的回","5"
"229","应对","5"
"230","准确","5"
"231","生成","5"
"232","疾病","5"
"233","人工","5"
"234","本身","5"
"235","到了","5"
"236","的压","5"
"237","从未","5"
"238","本的","5"
"239","负面","5"
"240","个月","5"
"241","她在","5"
"242","拖延","5"
"243","绪价","5"
"244","小人","5"
"245","世代","5"
"246","的失","5"
"247","在社","5"
"248","正式","5"
"249","敏感","5"
"250","愿意","5"
"251","测命","5"
"252","回答","5"
"253","产品","5"
"254","控感","5"
"255","朋友","5"
"256","短暂","5"
"257","的未","5"
"258","增加","5"
"259","小林","5"
"260","验证","5"
"261","这个","5"
"262","理咨","5"
"263","主要","5"
"264","试机","5"
"265","千万","5"
"266","型占","5"
"267","掌控","5"
"268","重要","5"
"269","能话","5"
"270","习惯","5"
"271","考试","5"
"272","理压","5"
"273","负担","5"
"274","统算","5"
"275","低成","5"
"276","性别","5"
"277","文化","5"
"278","分布","5"
"279","感知","5"
"280","判断","5"
"281","生活","5"
"282","根据","5"
"283","寻求","5"
"284","智能","5"
"285","符合","5"
"286","牌占","4"
"287","交互","4"
"288","设计","4"
"289","的神","4"
"290","在于","4"
"291","差异","4"
"292","实际","4"
"293","强度","4"
"294","相当","4"
"295","入职","4"
"296","生的","4"
"297","的焦","4"
"298","回复","4"
"299","已经","4"
"300","的问","4"
"301","真正","4"
"302","中式","4"
"303","好的","4"
"304","缺乏","4"
"305","于算","4"
"306","出口","4"
"307","前可","4"
"308","被理","4"
"309","投诉","4"
"310","亿美","4"
"311","试邀","4"
"312","手机","4"
"313","力同","4"
"314","感数","4"
"315","积极","4"
"316","这一","4"
"317","预约","4"
"318","解你","4"
"319","性的","4"
"320","请求","4"
"321","年情","4"
"322","寻找","4"
"323","困惑","4"
"324","依赖","4"
"325","力量","4"
"326","意为","4"
"327","会增","4"
"328","只是","4"
"329","的一","4"
"330","理解","4"
"331","节点","4"
"332","如果","4"
"333","并非","4"
"334","通知","4"
"335","绪支","4"
"336","答案","4"
"337","可入","4"
"338","查看","4"
"339","美元","4"
"340","们的","4"
"341","事件","4"
"342","看到","4"
"343","石化","4"
"344","互设","4"
"345","测试","4"
"346","罗连","4"
"347","年的","4"
"348","让她","4"
"349","制造","4"
"350","替代","4"
"351","文本","4"
"352","月面","4"
"353","度上","4"
"354","绪出","4"
"355","解释","4"
"356","注意","4"
"357","可能","4"
"358","媒体","4"
"359","的结","4"
"360","最近","4"
"361","尝试","4"
"362","大程","4"
"363","你感","4"
"364","星辰","4"
"365","轻微","4"
"366","刷短","4"
"367","知道","4"
"368","线下","4"
"369","成绩","4"
"370","命提","4"
"371","试压","4"
"372","供的","4"
"373","近万","4"
"374","到最","4"
"375","怀孕","4"
"376","时代","4"
"377","有的","4"
"378","给了","4"
"379","难以","4"
"380","收费","4"
"381","暗示","4"
"382","下一","4"
"383","情况","4"
"384","中高","4"
"385","知月","4"
"386","短视","4"
"387","偷笑","4"
"388","万元","4"
"389","来了","4"
"390","认为","4"
"391","同辈","4"
"392","低谷","4"
"393","虚拟","4"
"394","出现","4"
"395","记者","4"
"396","更高","4"
"397","有效","4"
"398","世界","4"
"399","合计","4"
"400","信则","4"
"401","事实","4"
"402","逻辑","4"
"403","后后","4"
"404","主动","4"
"405","模糊","4"
"406","多次","4"
"407","的高","4"
"408","不满","4"
"409","迷信","4"
"410","前世","4"
"411","比较","4"
"412","反而","4"
"413","业发","4"
"414","安全","4"
"415","着紫","4"
"416","觉得","4"
"417","增多","4"
"418","向提","4"
"419","高压","4"
"420","题算","4"
"421","要的","4"
"422","上升","4"
"423","安抚","4"
"424","能力","4"
"425","产生","4"
"426","技术","4"
"427","业困","4"
"428","支持","3"
"429","源自","3"
"430","走红","3"
"431","民心","3"
"432","是什","3"
"433","单次","3"
"434","反复","3"
"435","些数","3"
"436","缺少","3"
"437","面案","3"
"438","来自","3"
"439","力来","3"
"440","与你","3"
"441","手相","3"
"442","左侧","3"
"443","核心","3"
"444","日期","3"
"445","的底","3"
"446","她的","3"
"447","座罗","3"
"448","曝光","3"
"449","千元","3"
"450","定感","3"
"451","可及","3"
"452","院文","3"
"453","吻合","3"
"454","理健","3"
"455","院新","3"
"456","每个","3"
"457","把我","3"
"458","的负","3"
"459","欧亚","3"
"460","期待","3"
"461","紧张","3"
"462","个百","3"
"463","国人","3"
"464","集中","3"
"465","西安","3"
"466","右侧","3"
"467","放松","3"
"468","能在","3"
"469","截图","3"
"470","的占","3"
"471","万条","3"
"472","的数","3"
"473","乏掌","3"
"474","命方","3"
"475","自动","3"
"476","人们","3"
"477","次每","3"
"478","测截","3"
"479","的分","3"
"480","条用","3"
"481","是个","3"
"482","百分","3"
"483","南都","3"
"484","值得","3"
"485","五个","3"
"486","在同","3"
"487","坊赛","3"
"488","力下","3"
"489","网友","3"
"490","后的","3"
"491","月你","3"
"492","在我","3"
"493","监管","3"
"494","题人","3"
"495","人倾","3"
"496","经常","3"
"497","到的","3"
"498","国国","3"
"499","高于","3"
"500","移到","3"
